symbol,period,strongBuy,buy,hold,sell,strongSell
AAPL,2023-07-01,13,23,11,1,0
AAPL,2023-06-01,12,27,8,1,0
AAPL,2023-05-01,12,27,8,1,0
AAPL,2023-04-01,12,27,8,1,0
AAPL,2023-03-01,13,26,8,1,0
AAPL,2023-02-01,13,25,8,1,0
AAPL,2023-01-01,13,26,7,1,0
AAPL,2022-12-01,13,28,7,1,0
AAPL,2022-11-01,14,29,6,1,0
AAPL,2022-10-01,14,29,6,1,0
AAPL,2022-09-01,16,29,7,1,0
AMC,2023-07-01,0,0,5,7,3
AMC,2023-06-01,0,0,5,7,3
AMC,2023-05-01,0,0,5,7,3
AMC,2023-04-01,0,0,5,7,3
AMC,2023-03-01,0,0,5,7,2
AMC,2023-02-01,0,0,5,7,2
AMC,2023-01-01,0,0,5,7,2
AMC,2022-12-01,0,0,5,7,3
AMC,2022-11-01,0,0,5,7,3
AMC,2022-10-01,0,0,5,7,3
AMC,2022-09-01,0,0,5,7,3
AMD,2023-07-01,11,20,14,1,0
AMD,2023-06-01,11,19,14,1,0
AMD,2023-05-01,12,18,15,0,0
AMD,2023-04-01,12,20,14,0,0
AMD,2023-03-01,11,20,14,0,0
AMD,2023-02-01,12,22,11,0,0
AMD,2023-01-01,14,20,12,0,0
AMD,2022-12-01,14,21,13,0,0
AMD,2022-11-01,12,19,15,0,0
AMD,2022-10-01,12,20,13,0,0
AMD,2022-09-01,12,21,13,0,0
AMZN,2023-07-01,19,38,3,1,0
AMZN,2023-06-01,19,34,4,1,0
AMZN,2023-05-01,18,34,5,1,0
AMZN,2023-04-01,18,35,5,1,0
AMZN,2023-03-01,18,35,5,1,0
AMZN,2023-02-01,19,33,4,1,0
AMZN,2023-01-01,19,34,4,1,0
AMZN,2022-12-01,19,35,3,1,0
AMZN,2022-11-01,20,34,4,1,0
AMZN,2022-10-01,21,34,4,1,0
AMZN,2022-09-01,22,36,4,1,0
ANGI,2023-07-01,3,10,5,0,0
ANGI,2023-06-01,3,10,5,0,0
ANGI,2023-05-01,3,10,5,0,0
ANGI,2023-04-01,3,10,5,0,0
ANGI,2023-03-01,3,10,5,0,0
ANGI,2023-02-01,4,10,4,1,0
ANGI,2023-01-01,4,10,4,1,0
ANGI,2022-12-01,3,10,4,0,0
ANGI,2022-11-01,3,10,4,0,0
ATUS,2023-07-01,3,8,18,2,0
ATUS,2023-06-01,3,8,18,2,0
ATUS,2023-05-01,3,8,17,2,0
ATUS,2023-04-01,3,9,17,2,0
ATUS,2023-03-01,3,9,19,2,0
ATUS,2023-02-01,3,8,20,2,0
ATUS,2023-01-01,3,10,19,1,0
ATUS,2022-12-01,3,11,19,0,0
ATUS,2022-11-01,4,10,19,0,0
BAC,2023-07-01,3,15,11,2,0
BAC,2023-06-01,3,15,11,2,0
BAC,2023-05-01,3,15,11,2,0
BAC,2023-04-01,3,15,11,2,0
BAC,2023-03-01,3,16,10,2,0
BAC,2023-02-01,3,16,11,1,0
BAC,2023-01-01,3,17,12,0,0
BAC,2022-12-01,3,17,11,0,0
BAC,2022-11-01,4,17,10,0,0
BAC,2022-10-01,4,17,10,0,0
BAC,2022-09-01,4,17,10,0,0
BMBL,2023-07-01,6,12,9,0,0
BMBL,2023-06-01,7,12,9,0,0
BMBL,2023-05-01,7,12,9,0,0
BMBL,2023-04-01,6,12,10,0,0
BMBL,2023-03-01,5,12,10,0,0
BMBL,2023-02-01,5,12,10,0,0
BMBL,2023-01-01,5,11,11,0,0
BMBL,2022-12-01,4,11,10,0,0
BMBL,2022-11-01,4,11,10,0,0
BYD,2023-07-01,4,11,5,1,0
BYD,2023-06-01,4,11,5,1,0
BYD,2023-05-01,4,10,6,1,0
BYD,2023-04-01,4,10,6,1,0
BYD,2023-03-01,4,10,6,1,0
BYD,2023-02-01,4,10,6,1,0
BYD,2023-01-01,4,8,5,1,0
BYD,2022-12-01,4,9,4,1,0
BYD,2022-11-01,4,9,4,0,0
CABO,2023-07-01,2,5,4,1,0
CABO,2023-06-01,2,5,4,1,0
CABO,2023-05-01,2,5,4,1,0
CABO,2023-04-01,2,5,4,1,0
CABO,2023-03-01,2,6,4,1,0
CABO,2023-02-01,2,6,4,0,0
CABO,2023-01-01,2,6,4,0,0
CABO,2022-12-01,2,7,4,0,0
CABO,2022-11-01,2,6,5,0,0
CHDN,2023-07-01,4,8,1,0,0
CHDN,2023-06-01,4,8,1,0,0
CHDN,2023-05-01,4,8,2,0,0
CHDN,2023-04-01,4,8,2,0,0
CHDN,2023-03-01,4,7,2,0,0
CHDN,2023-02-01,4,7,2,0,0
CHDN,2023-01-01,4,6,2,0,0
CHDN,2022-12-01,4,6,1,0,0
CHDN,2022-11-01,4,5,1,0,0
CHTR,2023-07-01,3,14,16,1,0
CHTR,2023-06-01,3,14,16,1,0
CHTR,2023-05-01,3,14,16,1,0
CHTR,2023-04-01,3,15,15,1,0
CHTR,2023-03-01,3,16,15,1,0
CHTR,2023-02-01,3,16,16,1,0
CHTR,2023-01-01,3,15,17,1,0
CHTR,2022-12-01,3,16,15,2,0
CHTR,2022-11-01,3,16,15,2,0
CMCSA,2023-07-01,8,20,12,1,1
CMCSA,2023-06-01,8,20,12,1,1
CMCSA,2023-05-01,7,20,13,1,1
CMCSA,2023-04-01,7,19,15,1,1
CMCSA,2023-03-01,7,20,15,1,1
CMCSA,2023-02-01,8,21,13,1,1
CMCSA,2023-01-01,8,20,14,1,1
CMCSA,2022-12-01,8,20,14,2,1
CMCSA,2022-11-01,8,20,14,2,1
CMCSA,2022-10-01,7,21,15,2,1
CMCSA,2022-09-01,7,21,15,2,1
CRM,2023-07-01,12,25,15,0,1
CRM,2023-06-01,12,27,14,0,1
CRM,2023-05-01,12,26,15,0,1
CRM,2023-04-01,12,27,15,0,1
CRM,2023-03-01,13,26,14,0,1
CRM,2023-02-01,13,26,14,0,1
CRM,2023-01-01,13,28,13,0,0
CRM,2022-12-01,14,29,11,0,0
CRM,2022-11-01,15,29,10,0,0
CRM,2022-10-01,15,30,10,0,0
CRM,2022-09-01,17,30,7,0,1
CVX,2023-07-01,4,13,13,0,0
CVX,2023-06-01,4,13,14,1,0
CVX,2023-05-01,4,12,15,2,0
CVX,2023-04-01,4,12,15,3,0
CVX,2023-03-01,4,12,15,3,0
CVX,2023-02-01,4,12,15,3,0
CVX,2023-01-01,6,13,12,3,0
CVX,2022-12-01,6,13,13,2,0
CVX,2022-11-01,6,14,13,1,0
CVX,2022-10-01,6,15,12,1,0
CVX,2022-09-01,6,15,12,1,0
CZR,2023-07-01,3,11,5,0,0
CZR,2023-06-01,3,11,5,0,0
CZR,2023-05-01,3,11,4,1,0
CZR,2023-04-01,3,11,4,1,0
CZR,2023-03-01,3,11,4,1,0
CZR,2023-02-01,3,11,4,1,0
CZR,2023-01-01,3,11,4,1,0
CZR,2022-12-01,4,11,3,1,0
CZR,2022-11-01,4,12,1,1,0
DG,2023-07-01,10,13,14,2,0
DG,2023-06-01,10,18,9,2,0
DG,2023-05-01,10,18,9,2,0
DG,2023-04-01,9,18,10,2,0
DG,2023-03-01,9,19,9,2,0
DG,2023-02-01,10,16,9,2,0
DG,2023-01-01,10,17,9,2,0
DG,2022-12-01,10,17,7,2,0
DG,2022-11-01,10,17,7,2,0
DG,2022-10-01,10,17,7,2,0
DG,2022-09-01,10,17,7,2,0
DIS,2023-07-01,7,19,9,1,0
DIS,2023-06-01,7,20,9,0,0
DIS,2023-05-01,8,21,7,0,0
DIS,2023-04-01,8,22,7,0,0
DIS,2023-03-01,8,22,7,0,0
DIS,2023-02-01,8,19,7,0,0
DIS,2023-01-01,8,19,7,0,0
DIS,2022-12-01,8,19,7,0,0
DIS,2022-11-01,8,19,7,0,0
DISH,2023-07-01,4,6,11,2,1
DISH,2023-06-01,4,6,10,2,1
DISH,2023-05-01,5,7,9,3,0
DISH,2023-04-01,5,7,9,3,0
DISH,2023-03-01,5,9,6,3,0
DISH,2023-02-01,6,9,7,2,0
DISH,2023-01-01,6,9,6,2,0
DISH,2022-12-01,6,10,6,2,0
DISH,2022-11-01,6,11,6,1,0
DISH,2022-10-01,6,11,6,1,0
DISH,2022-09-01,6,12,6,1,0
DKNG,2023-07-01,9,15,14,2,0
DKNG,2023-06-01,9,15,13,2,0
DKNG,2023-05-01,9,15,14,2,0
DKNG,2023-04-01,9,15,13,3,0
DKNG,2023-03-01,8,15,14,3,0
DKNG,2023-02-01,7,15,16,2,0
DKNG,2023-01-01,7,15,15,2,0
DKNG,2022-12-01,7,16,14,2,0
DKNG,2022-11-01,7,15,15,1,0
EA,2023-07-01,11,14,13,0,0
EA,2023-06-01,11,14,14,0,0
EA,2023-05-01,10,14,15,0,0
EA,2023-04-01,10,15,14,0,0
EA,2023-03-01,10,15,14,0,0
EA,2023-02-01,12,18,11,0,0
EA,2023-01-01,12,18,11,0,0
EA,2022-12-01,12,18,11,0,0
EA,2022-11-01,12,18,11,0,0
EA,2022-10-01,12,18,11,0,0
EA,2022-09-01,12,21,9,0,0
EFX,2023-07-01,5,9,11,1,0
EFX,2023-06-01,5,9,11,1,0
EFX,2023-05-01,5,9,11,1,0
EFX,2023-04-01,5,9,11,1,0
EFX,2023-03-01,5,9,10,1,0
EFX,2023-02-01,5,9,10,1,0
EFX,2023-01-01,5,9,10,0,0
EFX,2022-12-01,5,9,10,0,0
EFX,2022-11-01,5,8,11,0,0
EFX,2022-10-01,6,9,9,0,0
EFX,2022-09-01,6,9,9,0,0
F,2023-07-01,6,8,10,4,1
F,2023-06-01,5,8,11,4,1
F,2023-05-01,4,8,12,5,1
F,2023-04-01,4,9,12,4,1
F,2023-03-01,4,9,12,4,1
F,2023-02-01,5,9,11,3,1
F,2023-01-01,5,8,12,3,1
F,2022-12-01,5,8,12,3,1
F,2022-11-01,5,8,12,3,1
F,2022-10-01,5,7,14,2,1
F,2022-09-01,5,7,14,2,1
FUBO,2023-07-01,3,4,6,1,0
FUBO,2023-06-01,3,4,6,1,0
FUBO,2023-05-01,3,4,6,1,0
FUBO,2023-04-01,3,5,5,1,0
FUBO,2023-03-01,3,5,5,1,0
FUBO,2023-02-01,3,5,5,1,0
FUBO,2023-01-01,3,5,5,1,0
FUBO,2022-12-01,3,5,5,1,0
FUBO,2022-11-01,3,5,5,1,0
GME,2023-07-01,0,0,3,4,2
GME,2023-06-01,0,0,3,4,2
GME,2023-05-01,0,0,3,4,2
GME,2023-04-01,0,0,3,4,2
GME,2023-03-01,0,0,3,4,2
GME,2023-02-01,0,0,3,4,2
GME,2023-01-01,0,0,3,4,2
GME,2022-12-01,0,0,3,4,2
GME,2022-11-01,0,0,3,4,2
GME,2022-10-01,0,0,3,4,2
GME,2022-09-01,0,0,3,4,2
GOOGL,2023-07-01,18,30,9,0,0
GOOGL,2023-06-01,19,33,5,0,0
GOOGL,2023-05-01,19,32,5,0,0
GOOGL,2023-04-01,20,33,6,0,0
GOOGL,2023-03-01,19,32,7,0,0
GOOGL,2023-02-01,16,35,5,0,0
GOOGL,2023-01-01,16,35,5,0,0
GOOGL,2022-12-01,16,35,5,0,0
GOOGL,2022-11-01,16,34,5,0,0
GOOGL,2022-10-01,17,35,5,0,0
GOOGL,2022-09-01,18,37,4,0,0
HD,2023-07-01,12,17,16,1,1
HD,2023-06-01,12,17,16,1,1
HD,2023-05-01,12,18,15,1,1
HD,2023-04-01,12,18,15,1,1
HD,2023-03-01,12,18,15,1,1
HD,2023-02-01,12,17,14,1,1
HD,2023-01-01,12,17,15,0,1
HD,2022-12-01,12,19,12,0,1
HD,2022-11-01,12,20,11,0,1
HD,2022-10-01,12,20,10,0,1
HD,2022-09-01,12,20,10,0,1
INTC,2023-07-01,1,5,32,6,3
INTC,2023-06-01,1,5,30,7,4
INTC,2023-05-01,1,5,29,8,4
INTC,2023-04-01,1,4,31,7,5
INTC,2023-03-01,1,3,30,8,5
INTC,2023-02-01,1,3,29,9,5
INTC,2023-01-01,1,5,28,9,6
INTC,2022-12-01,1,6,28,9,6
INTC,2022-11-01,1,7,26,7,6
INTC,2022-10-01,1,6,28,7,5
INTC,2022-09-01,1,6,27,7,5
JNJ,2023-07-01,5,7,15,0,0
JNJ,2023-06-01,5,7,15,0,0
JNJ,2023-05-01,4,7,15,0,0
JNJ,2023-04-01,4,7,15,0,0
JNJ,2023-03-01,4,7,15,0,0
JNJ,2023-02-01,4,7,14,0,0
JNJ,2023-01-01,5,7,15,0,0
JNJ,2022-12-01,5,7,13,0,0
JNJ,2022-11-01,5,7,14,0,0
JNJ,2022-10-01,5,7,13,0,0
JNJ,2022-09-01,5,7,13,0,0
KO,2023-07-01,8,18,8,0,0
KO,2023-06-01,8,18,9,0,0
KO,2023-05-01,8,19,8,0,0
KO,2023-04-01,8,20,8,0,0
KO,2023-03-01,8,21,7,0,0
KO,2023-02-01,7,20,8,0,0
KO,2023-01-01,7,20,8,0,0
KO,2022-12-01,7,21,8,0,0
KO,2022-11-01,7,21,8,0,0
KO,2022-10-01,6,21,8,0,0
KO,2022-09-01,6,21,8,0,0
LBRDA,2023-07-01,3,9,1,0,0
LBRDA,2023-06-01,3,9,1,0,0
LBRDA,2023-05-01,3,9,1,0,0
LBRDA,2023-04-01,3,9,1,0,0
LBRDA,2023-03-01,3,10,1,0,0
LBRDA,2023-02-01,3,10,1,0,0
LBRDA,2023-01-01,3,10,1,0,0
LBRDA,2022-12-01,3,10,1,0,0
LBRDA,2022-11-01,3,10,1,0,0
LLY,2023-07-01,9,15,6,1,0
LLY,2023-06-01,9,13,8,1,0
LLY,2023-05-01,8,14,8,1,0
LLY,2023-04-01,8,14,8,1,0
LLY,2023-03-01,8,13,8,1,0
LLY,2023-02-01,8,13,8,0,0
LLY,2023-01-01,8,13,8,0,0
LLY,2022-12-01,8,14,7,0,0
LLY,2022-11-01,8,13,7,0,0
LLY,2022-10-01,8,13,7,0,0
LLY,2022-09-01,8,13,8,0,0
LUMN,2023-07-01,1,0,8,5,4
LUMN,2023-06-01,1,0,7,6,4
LUMN,2023-05-01,1,0,7,7,3
LUMN,2023-04-01,1,0,7,7,3
LUMN,2023-03-01,1,0,8,7,3
LUMN,2023-02-01,1,0,9,7,2
LUMN,2023-01-01,1,0,9,7,2
LUMN,2022-12-01,0,0,8,7,2
LUMN,2022-11-01,0,0,8,8,2
LVS,2023-07-01,4,14,5,0,0
LVS,2023-06-01,5,14,4,0,0
LVS,2023-05-01,5,14,4,0,0
LVS,2023-04-01,5,13,4,0,0
LVS,2023-03-01,5,13,4,0,0
LVS,2023-02-01,5,13,4,0,0
LVS,2023-01-01,4,13,5,0,0
LVS,2022-12-01,4,13,4,0,0
LVS,2022-11-01,4,11,4,0,0
LYFT,2023-07-01,4,10,35,1,0
LYFT,2023-06-01,4,10,35,1,0
LYFT,2023-05-01,4,10,35,1,0
LYFT,2023-04-01,3,10,37,1,0
LYFT,2023-03-01,3,12,36,1,0
LYFT,2023-02-01,8,19,24,1,0
LYFT,2023-01-01,9,17,23,1,0
LYFT,2022-12-01,9,17,24,1,0
LYFT,2022-11-01,12,19,20,1,0
MA,2023-07-01,13,30,5,0,0
MA,2023-06-01,13,30,5,0,0
MA,2023-05-01,14,29,6,0,0
MA,2023-04-01,14,30,5,0,0
MA,2023-03-01,14,30,6,0,0
MA,2023-02-01,14,31,5,0,0
MA,2023-01-01,14,29,4,0,0
MA,2022-12-01,14,28,5,0,0
MA,2022-11-01,14,28,5,0,0
MA,2022-10-01,15,28,4,0,0
MA,2022-09-01,15,28,4,0,0
MANU,2023-07-01,4,3,3,0,0
MANU,2023-06-01,4,3,3,0,0
MANU,2023-05-01,4,3,3,0,0
MANU,2023-04-01,4,3,3,0,0
MANU,2023-03-01,4,3,3,0,0
MANU,2023-02-01,3,3,3,0,0
MANU,2023-01-01,3,3,3,0,0
MANU,2022-12-01,3,4,2,0,0
MANU,2022-11-01,3,4,2,0,0
META,2023-07-01,20,34,7,4,0
META,2023-06-01,20,33,7,4,0
META,2023-05-01,20,30,9,4,0
META,2023-04-01,18,29,12,5,0
META,2023-03-01,18,26,16,4,0
META,2023-02-01,16,24,20,3,1
META,2023-01-01,16,24,20,3,1
META,2022-12-01,16,23,21,3,1
META,2022-11-01,16,24,20,3,1
META,2022-10-01,17,29,14,2,1
META,2022-09-01,17,32,13,2,1
MGM,2023-07-01,4,12,7,0,0
MGM,2023-06-01,4,12,7,0,0
MGM,2023-05-01,4,13,6,0,0
MGM,2023-04-01,4,13,6,0,0
MGM,2023-03-01,4,13,6,0,0
MGM,2023-02-01,4,12,6,0,0
MGM,2023-01-01,3,12,6,0,0
MGM,2022-12-01,3,10,7,0,0
MGM,2022-11-01,3,10,7,0,0
MRK,2023-07-01,9,15,8,0,0
MRK,2023-06-01,9,16,8,0,0
MRK,2023-05-01,9,16,8,0,0
MRK,2023-04-01,9,15,9,0,0
MRK,2023-03-01,8,17,7,0,0
MRK,2023-02-01,6,18,8,0,0
MRK,2023-01-01,5,18,9,0,0
MRK,2022-12-01,5,18,9,0,0
MRK,2022-11-01,5,16,9,0,0
MRK,2022-10-01,4,17,10,0,0
MRK,2022-09-01,4,16,11,0,0
MSFT,2023-07-01,21,28,9,0,1
MSFT,2023-06-01,21,29,9,0,1
MSFT,2023-05-01,21,30,7,0,1
MSFT,2023-04-01,21,29,9,0,1
MSFT,2023-03-01,21,29,9,0,1
MSFT,2023-02-01,21,29,8,0,1
MSFT,2023-01-01,19,32,6,0,0
MSFT,2022-12-01,19,33,6,0,0
MSFT,2022-11-01,21,32,6,0,0
MSFT,2022-10-01,21,32,5,0,0
MSFT,2022-09-01,21,31,4,0,0
MSGS,2023-07-01,4,5,3,0,0
MSGS,2023-06-01,4,5,3,0,0
MSGS,2023-05-01,4,5,3,0,0
MSGS,2023-04-01,4,5,2,0,0
MSGS,2023-03-01,4,5,2,0,0
MSGS,2023-02-01,5,5,2,0,0
MSGS,2023-01-01,5,5,2,0,0
MSGS,2022-12-01,5,5,2,0,0
MSGS,2022-11-01,5,5,2,0,0
MTCH,2023-07-01,5,15,9,0,0
MTCH,2023-06-01,7,15,9,0,0
MTCH,2023-05-01,6,16,9,0,0
MTCH,2023-04-01,5,16,9,0,0
MTCH,2023-03-01,5,15,10,0,0
MTCH,2023-02-01,6,15,9,0,0
MTCH,2023-01-01,6,15,8,0,0
MTCH,2022-12-01,6,15,7,0,0
MTCH,2022-11-01,6,15,7,0,0
MTN,2023-07-01,2,4,8,1,0
MTN,2023-06-01,2,4,8,1,0
MTN,2023-05-01,2,4,8,1,0
MTN,2023-04-01,2,4,8,1,0
MTN,2023-03-01,2,4,9,1,0
MTN,2023-02-01,2,4,9,1,0
MTN,2023-01-01,2,4,9,1,0
MTN,2022-12-01,2,4,9,1,0
MTN,2022-11-01,2,4,9,1,0
NFLX,2023-07-01,15,11,20,3,0
NFLX,2023-06-01,15,11,20,3,0
NFLX,2023-05-01,15,11,20,3,0
NFLX,2023-04-01,14,12,20,3,0
NFLX,2023-03-01,13,13,20,3,0
NFLX,2023-02-01,13,13,20,3,0
NFLX,2023-01-01,12,13,21,3,0
NFLX,2022-12-01,12,12,21,4,0
NFLX,2022-11-01,11,11,22,5,0
NFLX,2022-10-01,10,7,26,5,1
NFLX,2022-09-01,10,5,28,6,1
NKE,2023-07-01,9,18,11,3,1
NKE,2023-06-01,9,18,11,3,1
NKE,2023-05-01,9,17,12,2,1
NKE,2023-04-01,9,18,11,2,1
NKE,2023-03-01,9,19,12,1,1
NKE,2023-02-01,9,19,12,1,1
NKE,2023-01-01,9,19,12,1,1
NKE,2022-12-01,9,19,12,1,1
NKE,2022-11-01,9,19,13,0,1
NVDA,2023-07-01,17,31,7,1,0
NVDA,2023-06-01,17,28,10,0,0
NVDA,2023-05-01,15,26,13,0,0
NVDA,2023-04-01,14,25,14,1,0
NVDA,2023-03-01,13,23,13,1,0
NVDA,2023-02-01,12,22,14,1,0
NVDA,2023-01-01,13,21,14,1,0
NVDA,2022-12-01,13,24,13,0,0
NVDA,2022-11-01,13,23,14,0,0
NVDA,2022-10-01,13,25,14,0,0
NVDA,2022-09-01,14,27,10,0,0
NWSA,2023-07-01,3,7,2,0,0
NWSA,2023-06-01,3,7,2,0,0
NWSA,2023-05-01,3,6,3,0,0
NWSA,2023-04-01,3,6,3,0,0
NWSA,2023-03-01,3,7,3,0,0
NWSA,2023-02-01,3,8,2,0,0
NWSA,2023-01-01,3,7,3,1,0
NWSA,2022-12-01,3,7,3,1,0
NWSA,2022-11-01,3,7,3,1,0
PARA,2023-07-01,3,3,14,12,2
PARA,2023-06-01,3,3,12,14,2
PARA,2023-05-01,3,4,10,15,3
PARA,2023-04-01,3,5,11,13,3
PARA,2023-03-01,2,5,12,13,3
PARA,2023-02-01,2,5,12,13,3
PARA,2023-01-01,2,5,14,11,3
PARA,2022-12-01,2,5,14,10,3
PARA,2022-11-01,2,6,13,10,3
PENN,2023-07-01,3,13,9,0,0
PENN,2023-06-01,3,13,9,0,0
PENN,2023-05-01,3,12,10,0,0
PENN,2023-04-01,3,13,9,0,0
PENN,2023-03-01,3,13,9,0,0
PENN,2023-02-01,4,12,9,0,0
PENN,2023-01-01,5,12,7,0,0
PENN,2022-12-01,6,12,6,0,0
PENN,2022-11-01,6,13,5,0,0
PEP,2023-07-01,5,10,11,1,0
PEP,2023-06-01,5,10,12,1,0
PEP,2023-05-01,5,10,12,1,0
PEP,2023-04-01,5,10,12,1,1
PEP,2023-03-01,5,10,13,1,1
PEP,2023-02-01,4,11,12,1,1
PEP,2023-01-01,4,11,12,1,1
PEP,2022-12-01,4,10,12,1,1
PEP,2022-11-01,4,10,12,0,1
PEP,2022-10-01,3,10,12,0,1
PEP,2022-09-01,3,10,12,0,1
PFE,2023-07-01,4,10,16,0,0
PFE,2023-06-01,3,11,15,0,0
PFE,2023-05-01,3,12,14,0,0
PFE,2023-04-01,3,12,15,0,0
PFE,2023-03-01,3,12,14,0,0
PFE,2023-02-01,3,11,15,0,0
PFE,2023-01-01,5,12,11,0,0
PFE,2022-12-01,5,11,12,0,0
PFE,2022-11-01,5,10,12,0,0
PFE,2022-10-01,5,10,12,0,0
PFE,2022-09-01,5,10,13,0,0
PG,2023-07-01,7,15,11,0,1
PG,2023-06-01,8,15,11,0,1
PG,2023-05-01,8,16,10,0,1
PG,2023-04-01,8,16,11,0,1
PG,2023-03-01,8,14,13,0,1
PG,2023-02-01,7,14,13,0,1
PG,2023-01-01,7,15,12,0,1
PG,2022-12-01,7,14,12,0,1
PG,2022-11-01,6,14,12,0,1
PG,2022-10-01,6,15,11,0,1
PG,2022-09-01,6,15,11,0,1
PINS,2023-07-01,5,14,21,1,0
PINS,2023-06-01,5,13,21,1,0
PINS,2023-05-01,5,13,21,1,0
PINS,2023-04-01,5,13,22,1,0
PINS,2023-03-01,5,12,23,1,0
PINS,2023-02-01,6,11,23,1,0
PINS,2023-01-01,6,12,22,1,0
PINS,2022-12-01,6,11,23,1,0
PINS,2022-11-01,6,11,23,1,0
RCI.B.TO,2023-07-01,6,13,4,2,0
RCI.B.TO,2023-06-01,6,13,4,2,0
RCI.B.TO,2023-05-01,6,12,4,2,0
RCI.B.TO,2023-04-01,6,13,3,2,0
RCI.B.TO,2023-03-01,6,13,3,2,0
RCI.B.TO,2023-02-01,6,12,4,2,0
RCI.B.TO,2023-01-01,6,12,4,2,0
RCI.B.TO,2022-12-01,7,12,4,1,0
RCI.B.TO,2022-11-01,7,12,4,1,0
ROKU,2023-07-01,8,10,16,4,2
ROKU,2023-06-01,8,10,15,4,2
ROKU,2023-05-01,8,10,15,4,2
ROKU,2023-04-01,8,10,15,3,2
ROKU,2023-03-01,8,9,15,3,3
ROKU,2023-02-01,7,9,15,4,3
ROKU,2023-01-01,7,10,15,4,2
ROKU,2022-12-01,7,10,15,4,2
ROKU,2022-11-01,8,14,9,4,2
SAVE,2023-07-01,0,1,11,2,2
SAVE,2023-06-01,0,1,11,2,2
SAVE,2023-05-01,0,1,11,2,2
SAVE,2023-04-01,0,1,11,2,2
SAVE,2023-03-01,0,1,11,2,2
SAVE,2023-02-01,0,1,11,2,2
SAVE,2023-01-01,0,1,11,2,2
SAVE,2022-12-01,2,5,9,1,0
SAVE,2022-11-01,2,5,9,1,0
SAVE,2022-10-01,2,5,9,1,0
SAVE,2022-09-01,2,5,8,1,0
SIRI,2023-07-01,1,2,10,5,3
SIRI,2023-06-01,1,2,10,5,3
SIRI,2023-05-01,1,2,10,5,3
SIRI,2023-04-01,1,3,9,5,3
SIRI,2023-03-01,1,3,9,5,3
SIRI,2023-02-01,4,7,7,3,1
SIRI,2023-01-01,4,7,7,3,1
SIRI,2022-12-01,5,7,7,3,0
SIRI,2022-11-01,5,7,7,4,0
SIRI,2022-10-01,5,7,7,4,0
SIRI,2022-09-01,5,7,7,4,0
SNAP,2023-07-01,3,8,33,4,0
SNAP,2023-06-01,3,8,32,4,0
SNAP,2023-05-01,3,7,34,3,0
SNAP,2023-04-01,3,7,35,3,0
SNAP,2023-03-01,3,7,35,3,0
SNAP,2023-02-01,3,8,34,3,0
SNAP,2023-01-01,3,9,33,3,0
SNAP,2022-12-01,5,10,30,3,0
SNAP,2022-11-01,5,10,30,3,0
SOFI,2023-07-01,5,6,11,0,1
SOFI,2023-06-01,6,7,8,0,0
SOFI,2023-05-01,7,6,7,0,0
SOFI,2023-04-01,7,6,7,0,0
SOFI,2023-03-01,7,6,7,0,0
SOFI,2023-02-01,7,6,7,0,0
SOFI,2023-01-01,7,5,6,0,0
SOFI,2022-12-01,7,5,6,0,0
SOFI,2022-11-01,7,6,6,0,0
SPOT,2023-07-01,9,16,13,0,1
SPOT,2023-06-01,8,15,15,0,1
SPOT,2023-05-01,8,15,15,0,1
SPOT,2023-04-01,7,15,15,0,1
SPOT,2023-03-01,6,13,18,0,1
SPOT,2023-02-01,6,12,19,0,1
SPOT,2023-01-01,7,14,16,0,1
SPOT,2022-12-01,7,14,16,0,1
SPOT,2022-11-01,7,14,16,0,1
T,2023-07-01,6,12,15,3,0
T,2023-06-01,6,12,14,4,0
T,2023-05-01,6,12,14,4,0
T,2023-04-01,6,11,16,3,0
T,2023-03-01,6,12,17,3,0
T,2023-02-01,6,12,18,3,0
T,2023-01-01,6,11,19,3,0
T,2022-12-01,5,12,19,3,0
T,2022-11-01,5,12,19,3,0
T,2022-10-01,4,11,20,3,0
T,2022-09-01,4,11,19,3,0
TLSA,2023-07-01,2,4,1,0,0
TLSA,2023-06-01,2,4,1,0,0
TLSA,2023-05-01,2,4,1,0,0
TLSA,2023-04-01,2,4,1,0,0
TLSA,2023-03-01,2,4,1,0,0
TLSA,2023-02-01,2,4,1,0,0
TLSA,2023-01-01,2,5,1,0,0
TLSA,2022-12-01,2,5,1,0,0
TLSA,2022-11-01,2,5,1,0,0
TLSA,2022-10-01,2,5,1,0,0
TLSA,2022-09-01,2,5,1,0,0
UBER,2023-07-01,15,33,5,0,0
UBER,2023-06-01,16,31,5,0,0
UBER,2023-05-01,16,30,5,1,0
UBER,2023-04-01,16,31,5,1,0
UBER,2023-03-01,16,31,6,0,0
UBER,2023-02-01,16,31,6,0,0
UBER,2023-01-01,17,29,5,0,0
UBER,2022-12-01,17,30,5,0,0
UBER,2022-11-01,17,30,6,0,0
UBER,2022-10-01,17,30,6,0,0
UBER,2022-09-01,19,30,5,0,0
UNH,2023-07-01,9,18,4,0,0
UNH,2023-06-01,9,18,4,0,0
UNH,2023-05-01,9,17,4,0,0
UNH,2023-04-01,8,17,4,0,0
UNH,2023-03-01,8,16,4,0,0
UNH,2023-02-01,8,17,4,0,0
UNH,2023-01-01,9,16,4,0,0
UNH,2022-12-01,9,17,4,0,0
UNH,2022-11-01,10,17,4,0,0
UNH,2022-10-01,10,17,4,0,0
UNH,2022-09-01,10,17,4,0,0
V,2023-07-01,13,27,5,1,0
V,2023-06-01,13,27,5,1,0
V,2023-05-01,14,26,5,1,0
V,2023-04-01,14,26,5,1,0
V,2023-03-01,14,26,5,1,0
V,2023-02-01,14,26,5,1,0
V,2023-01-01,14,25,5,0,0
V,2022-12-01,14,26,6,0,0
V,2022-11-01,15,26,5,0,0
V,2022-10-01,15,26,5,0,0
V,2022-09-01,15,26,5,0,0
VZ,2023-07-01,5,9,20,2,1
VZ,2023-06-01,5,9,20,2,1
VZ,2023-05-01,5,9,20,2,1
VZ,2023-04-01,5,9,20,2,1
VZ,2023-03-01,5,9,22,2,1
VZ,2023-02-01,5,9,22,2,1
VZ,2023-01-01,5,9,21,3,1
VZ,2022-12-01,5,8,22,3,1
VZ,2022-11-01,5,8,22,3,1
VZ,2022-10-01,4,8,23,3,1
VZ,2022-09-01,4,8,22,3,1
WBD,2023-07-01,6,15,10,1,0
WBD,2023-06-01,6,15,10,1,0
WBD,2023-05-01,5,14,12,1,0
WBD,2023-04-01,5,14,12,1,0
WBD,2023-03-01,4,13,13,1,0
WBD,2023-02-01,4,13,13,1,0
WBD,2023-01-01,3,12,14,1,0
WBD,2022-12-01,3,12,14,1,0
WBD,2022-11-01,3,11,15,1,0
WFC,2023-07-01,8,16,8,0,0
WFC,2023-06-01,8,16,8,0,0
WFC,2023-05-01,8,16,8,0,0
WFC,2023-04-01,7,16,8,0,0
WFC,2023-03-01,7,17,8,0,0
WFC,2023-02-01,7,17,8,0,0
WFC,2023-01-01,8,16,8,0,0
WFC,2022-12-01,8,16,8,0,0
WFC,2022-11-01,8,16,8,0,0
WFC,2022-10-01,8,15,8,1,0
WFC,2022-09-01,8,15,9,0,0
WOW,2023-07-01,1,6,3,0,0
WOW,2023-06-01,1,6,3,0,0
WOW,2023-05-01,1,6,3,0,0
WOW,2023-04-01,1,5,5,0,0
WOW,2023-03-01,1,6,5,0,0
WOW,2023-02-01,2,5,5,0,0
WOW,2023-01-01,2,5,5,0,0
WOW,2022-12-01,2,5,5,0,0
WOW,2022-11-01,2,6,5,0,0
WWE,2023-07-01,4,5,5,0,0
WWE,2023-06-01,4,5,6,0,0
WWE,2023-05-01,4,5,6,0,0
WWE,2023-04-01,4,5,6,0,0
WWE,2023-03-01,4,5,6,0,0
WWE,2023-02-01,4,5,6,0,0
WWE,2023-01-01,4,5,5,1,0
WWE,2022-12-01,4,5,5,1,0
WWE,2022-11-01,4,5,6,1,0
WYNN,2023-07-01,4,9,8,1,0
WYNN,2023-06-01,5,9,7,1,0
WYNN,2023-05-01,5,8,8,1,0
WYNN,2023-04-01,5,8,8,1,0
WYNN,2023-03-01,5,8,8,1,0
WYNN,2023-02-01,5,8,8,1,0
WYNN,2023-01-01,5,7,9,0,0
WYNN,2022-12-01,5,7,8,0,0
WYNN,2022-11-01,5,6,9,0,0
XOM,2023-07-01,6,10,14,1,0
XOM,2023-06-01,6,11,13,1,0
XOM,2023-05-01,6,13,12,1,0
XOM,2023-04-01,6,14,12,1,0
XOM,2023-03-01,6,14,12,1,0
XOM,2023-02-01,6,14,12,1,0
XOM,2023-01-01,6,13,14,0,0
XOM,2022-12-01,6,13,14,0,0
XOM,2022-11-01,6,13,13,0,0
XOM,2022-10-01,5,13,14,0,0
XOM,2022-09-01,5,13,14,0,0
YELP,2023-07-01,0,1,8,4,2
YELP,2023-06-01,0,1,8,4,2
YELP,2023-05-01,0,1,8,4,2
YELP,2023-04-01,0,1,8,4,2
YELP,2023-03-01,0,1,8,4,2
YELP,2023-02-01,0,1,8,4,2
YELP,2023-01-01,0,1,8,4,2
YELP,2022-12-01,0,1,9,3,2
YELP,2022-11-01,0,1,9,3,2
